"The schooner Ancud was the ship sent by Chile in 1843 to claim sovereignty over the Strait of Magellan and establish Fuerte Bulnes, the first Chilean settlement in the strait.",Chile
"However, it has also been said that observations about the apparent connections between the executive and judiciary are merely theoretical, and that for a more accurate analysis of the separation of powers in Singapore the ""[j]udiciary must be judged on its performance in the context of actual litigation"".",Singapore
"Through the 1960s, the network began to expand across Canada, taking over Toronto's CJBC in October 1964, and launching Ottawa's CBOF in 1964 and Vancouver's CBUF in 1967.",Canada
"Goodall joined the diplomatic service in 1956 and served in Austria, Germany, Indonesia and Kenya, before spending 1987-1991 as the British High Commissioner, the equivalent of Ambassador, in India.",Austria
"Poland obtained almost exactly half of the 1,950,000 inhabitants, ""viz.",Poland
"Shiretoko Peninsula in Hokkaido, Japan.",Japan
"In 2013, Crosthwaite was chosen to represent Mexico in the California-Pacific Triennial curated by Dan Cameron at the Orange County Museum of Art.",Mexico
"Clouseau is a Belgian pop group, having success in Belgium and the Netherlands since being established in the late 1980s.",Belgium
"The ground most recently hosted a Scotland game in November 2014 (a UEFA Euro 2016 qualifier against Republic of Ireland, won 1–0) when Hampden was unavailable because it had been reconfigured for use as an athletics stadium during the 2014 Commonwealth Games.",Ireland
"In 2010, Oskouei received the Prince Claus Award from the Netherlands for his achievements.",Netherlands
He pulled no punches when criticizing the United States for the dismal lack of security in Iraq.,Iraq
"The Yajisha Bridge is an arch bridge located in Guangzhou, Guangdong, China.",China
"The Helpmann Awards is an awards show, celebrating live entertainment and performing arts in Australia, presented by industry group ""Live Performance Australia"" since 2001.",Australia
"Hole in the West,"" Fischerkoesen's first film, premiered in 1919 and made history as the first animated film ever produced in Germany.",Germany
"Pay Kuh Mollah (, also Romanized as Pāy Kūh Mollāḥ) is a village in Sardasht Rural District, Sardasht District, Dezful County, Khuzestan Province, Iran.",Iran
"It is included in the Asian Games and even has a world championship, being played throughout India, Pakistan, Bangladesh, Sri Lanka, and Iran, as well as by the South Asian diaspora in Canada, Great Britain, the U.",India
"In 2015–2016, the first retrospective exhibition in Scandinavia, curated by Marie Laurberg, travelled to four major museums in the region, opening at Louisiana Museum of Modern Art in Denmark and continuing to Henie Onstad Kunstsenter Museum, Norway; Moderna Museet in Sweden, and Helsinki Art Museum in Finland.",Finland
"While the role was still being portrayed by Rodriguez, Gabi had a brief romance with Chad DiMera (Casey Jon Deidrick).",Chad
"In February 2015, AA fought alongside the Myanmar Nationalities Democratic Alliance Army (MNDAA), an ethnic armed group, and its ally the Ta'ang National Liberation Army (TNLA) in their conflict with the Myanmar Army.",Myanmar
"On October 11, 2010, Microsoft CEO Steve Ballmer announced the 10 launch devices for Windows Phone 7 with HTC, Dell, Samsung, and LG Support, with sales beginning on October 21, 2010 in Europe and Australia and November 8, 2010 in the United States.",United States
"She visited Norway, Belgium, France, and the United Kingdom before debarking the ""Middies"" at Naval Station Norfolk.",Norway
"The battle was a turning point in the war, as with the capture of the Tigharghar, the jihadists lose their main sanctuary in the Sahel as well as most of their military arsenal, taken from the Malian army or Libya .",Libya
"The last records in Italy date to around 41,000 years ago, while remains dating to 40,000 years ago are knowns from Bacho Kiro cave in Bulgaria.",Bulgaria
"The Declaration was adopted unanimously by ASEAN members at its 18 November 2012 meeting in Phnom Penh, Cambodia.",Cambodia
Switzerland.,Switzerland
"Melbourne"" never fired a shot in anger during her service career, having only peripheral, non-combat roles in relation to the Indonesia-Malaysia confrontation and the Vietnam War.",Vietnam
"During the reign of Peter the Great, Vologda became one of the main military bases of Russia.",Russia
"His father, a former Bataan congressman, founded the first free trade zone in the Philippines called the Bataan Export Processing Zone (BEPZ), which paved the way for the construction of a Roman Superhighway from Dinalupihan to Mariveles.",Philippines
In Romania it is called .,Romania
"As far back as the 16th century it was one of the most important naval ports in Spain, together with Ferrol in the North.",Spain
Abebaw is a defender and is part of the Ethiopia national football team.,Ethiopia
"It was mixed by Phil Tan at Ninja Club Studios in Atlanta, Georgia.",Georgia
Oxfam predicted the deaths of over one hundred thousand children in refugee camps and that more could die from food shortages in East Pakistan because of the conflict.,Pakistan
"The university was visited by the Councilor of the Embassy of the State Israel in Ukraine and the Regional Director of the ""Nativ"" organization Felix Mindel.",Ukraine
"Concerned for his fellow humanity and planet, he was active in reforestation in developing countries, beginning with Haiti and the Dominican Republic.",Dominican Republic
"On his return to France, he was granted a pension of 10,000 livres by Louis XVI, a pension of 10,000 reales billon by Charles III of Spain on the commandery of Onda belonging to the Order of Montesa and an apartment in the palais du Luxembourg, where he became a neighbour of the future Louis XVIII.",Luxembourg
"The crossing of the Rhine was achieved at four points:
Once the Allies had crossed the Rhine, the British fanned out northeast towards Hamburg crossing the river Elbe and on towards Denmark and the Baltic.",Denmark
"She later and further improved on her athletic performance and forty-hour weekly training to set her fourth-place finish at the 2003 ITU Triathlon World Under-23 Championships in Queenstown, New Zealand.",New Zealand
Approximately 35 percent of Afghanistan's population lives within of the Kabul to Kandahar portion of the Afghanistan Ring Road.,Afghanistan
"Despite his connection with the German film industry, Guter spent much of the 1920s living in Latvia, where he spent time attempting to build a Latvian film industry.",Latvia
"Aaron and Tzirel Grossman, who went to Israel early in the week.",Israel
"Displaying a passivity to Brazil's poor showing, the 2006 World Cup is now seen as the turning point in Ronaldinho's career, with his time at the summit of the game almost up.",Brazil
It remained part of the Kingdom of Morocco after independence in 1956.,Morocco
"It is found in the Republic of the Congo, the Democratic Republic of the Congo, Eritrea, Ethiopia, Gabon, Kenya, Namibia, Rwanda, Saudi Arabia, Sierra Leone, Somalia, South Africa and Tanzania.",Kenya
"In Argentina during the Second World War, Heinrich was part of the anti-war movement, Consejo Argentino por la Paz (Argentine Council for Peace).",Argentina
He managed to escape and took refuge in Qatar.,Qatar
See List of World War II aces from Italy.,Italy
"The region is extremely popular among tourists for its beaches on the Persian Gulf and proximity to the other countries of the eastern Arab world, such as the United Arab Emirates, Qatar and Bahrain, with the latter being linked to the province via the 25 km (15 mi) long King Fahd Causeway.",Bahrain
"At the 2008 Summer Olympics, Chedly was eliminated in the first preliminary round of the men's +100 kg, after being defeated by France's Teddy Riner, who eventually won the bronze medal.",France
"After leaving parliament, he was the Governor of the Central Bank of Iceland from 1993 to 1994.",Iceland
"Kurucaşile District, Bartın Province, Turkey.",Turkey
"It is also involved in exploration activities in Afghanistan (Sanduqli and Mazar-i-Sharif blocks), Algeria (Tinrhert Nord Perimeter and Msari Akabli Perimeter), Egypt (East Zeit Bay), Iraq (Block 9) and Tunisia (the Bargou Exploration Permit).",Tunisia
"Brown claimed Kuwait's National Assembly is the most independent parliament in the Arab world; in 2009, Israeli scholar Eran Segal claimed it is among the ""strongest"" parliaments in the Middle East.",Kuwait
"To this point, Montenegro has yet to feature in a final.",Montenegro
"Concerned for his fellow humanity and planet, he was active in reforestation in developing countries, beginning with Haiti and the Dominican Republic.",Haiti
"Alongside Ivory Coast, Guinea, Mauritius, Uganda, Zaire and Zambia reached the finals, Uganda having taken part in the preliminary round of the qualification process.",Mauritius
"The film was shot entirely at the Sahrawi refugee camps located in Tinduf, Algeria.",Algeria
"In June 1982, he returned to Greece in order to take part in his first archaeological excavations, which were run by the American School of Classical Studies at Athens (ASCSA).",Greece
He made his full international debut on 1 April 1998 against South Korea in a friendly.,South Korea
"Previously known for his work in Mondo films, Antonio Climati directed ""Natura contro"" in 1988, which was released as ""Cannibal Holocaust II"" in the United Kingdom.",United Kingdom
"In 1958 he fled to Syria (then part of the United Arab Republic), but was forced to return to Beirut in 1961 by the tumultuous breakup of the UAR.",Syria
"National Azerbaijani theatre was originated in the second half of the 19th century, on the basis of a comedy by Mirza Fatali Akhundov, the first Azerbaijani playwright, prominent thinker and philosopher of Azerbaijan.",Azerbaijan
"In the 1960s, an Egyptian researcher by the name of Youssef Halim discovered a red tide along the coast of the Alexandria harbour in Egypt.",Egypt
"The goal of the party is more rights for the Macedonians in Gora where, according to the claims of the ""Association of Macedonians in Gora"", Macedonians constitute 82%, and rights for Macedonians in the entire region of Kosovo.",Kosovo
Iamalele (Yamalele) is an Austronesian language spoken on Fergusson Island in Milne Bay Province of Papua New Guinea.,Guinea
The program is about her exploring the local cuisine of Indonesia as she performs simple uncomplicated styles of cooking and fresh ingredients that allows her to give a unique and modern twist to traditional dishes while staying true to their origins and history.,Indonesia
"As in 1914, Serbia is for us the only guarantor of our freedom, and Belgrade remains our capital"".",Serbia
"This has culminated in the establishment of specialised Free Zones and other types of Zones, namely:
The introduction of free zones has played a large role in increasing the amount of investment into Nigeria.",Nigeria
"It is found in Brazil, Paraguay and Argentina.",Paraguay
"It has grown to become the largest independent, non-profit, fully volunteer EMS organization in the world, with over 6,500 volunteer medical first responders nationwide, and additional chapters in Panama, the United States, and Ukraine.",Panama
"The play takes place in Sicily and the main plot focus on the characters around the King of Cyprus, who has just conquered Sicily.",Cyprus
Saudi Arabia and is named for its geographical location relative to the rest of the kingdom.,Saudi Arabia
"Woolly monkeys are found throughout the northern countries of South America (Bolivia, Brazil, Colombia, Ecuador, Venezuela, and Peru).",Ecuador
The Uganda Local Governments’ Association (ULGA) is the National Association of Local Governments of Uganda.,Uganda
"It is found in Ivory Coast, Nigeria, Cameroon, Angola, the Democratic Republic of the Congo and north-western Zambia.",Angola
"The parts of the former RSK in eastern Croatia (along with the Danube) remained in place, in what was previously the SAO Eastern Slavonia, Baranja and Western Syrmia.",Croatia
"It soon came to the point where his son and heir, the mortally ailing Ibrahim, had no choice but to travel to Constantinople and request that the Sultan recognize him ruler of Egypt and Sudan even though his father was still alive.",Sudan
He even added that Taiwan will face energy crisis in the future once Taiwan's first and second nuclear power plant have reached the end of their life cycle respectively and the fourth plant hasn't been put online.,Taiwan
"It is found in Senegal, Guinea, Sierra Leone, Liberia, Ivory Coast, Ghana, Togo, Nigeria, from Cameroon to Ethiopia and to Tanzania, Malawi, Zambia, Angola, Mozambique and Zimbabwe.",Ghana
"Hedong Subdistrict () is a subdistrict of Donghe District, in the southeastern outskirts of Baotou, Inner Mongolia, People's Republic of China.",Mongolia
"Colombia recognizes all indigenous languages spoken within its territory as official, though fewer than 1% of its population are native speakers of these languages.",Colombia
"This is inseparable from the background of Malay communities spread throughout Indonesia, Malaysia, the Philippines, Vietnam and along the Malay peninsula.",Malaysia
"The Island Climate Update Outlook predicted that Fiji, New Zealand, Samoa, Tokelau, Tuvalu, Vanuatu, Wallis and Futuna, the Solomon and Cook Islands had a normal risk of being impacted by a tropical cyclone or ex tropical cyclone.",Samoa
"Before the outbreak of hostilities, Sweden had had no plans for defending Norway or any defence strategy against a German invasion from the direction of Norway.",Sweden
"Before his change of domicile to the United States in 2014, Hafizov represented his native Uzbekistan and has picked up the 
bronze medal at the 2007 Asian Wrestling Championships and the silver medal in his respective division at the 2011 Asian Wrestling Championships, coincidentally in his home city Tashkent, losing out to Kyrgyzstan's Arsen Eraliev.",Kyrgyzstan
The parishes were established in ethnic Lithuania and the new Vilnius Cathedral was built in 1387 in the site of a demolished pagan temple.,Lithuania
"Cole was capped 15 times for the England national team between 1995 and 2001, scoring once against Albania in a 2002 FIFA World Cup qualifier.",Albania
"It is found in Liberia, Ivory Coast, Ghana, Togo, Nigeria, Cameroon, Equatorial Guinea, Gabon, the Republic of the Congo, the Central African Republic, the Democratic Republic of the Congo, Uganda, and Tanzania.",Central African Republic
During the rest of 1940 she escorted Malta convoys and transported troops to Greece.,Malta
"It is found in the Neotropical realm, including French Guiana and Guyana.",Guyana
In March 2006 the British Government closed its High Commission in Nukuʻalofa; British interests in Tonga are now represented by the British High Commissioner in Fiji.,Fiji
She was the first woman to publish literature in Nepal.,Nepal
"The standard was adopted in 2008 by Portugal and has since spread to other European countries, e.",Portugal
"Similar titles have been seen in parts of Europe that have historically been dominated by Germany (in the cultural sense): the Baltic States, Austria–Hungary, Sweden, Finland and to some extent in Denmark–Norway.",Hungary
"In Italy, Chile, Peru and Uruguay, hybrid versions of Schuko sockets (called P 30) are seen with an extra hole that will take the smaller variant of Italian CEI 23-50 plugs.",Uruguay
Idalaka () is a Malayo-Polynesian dialect chain spoken in East Timor.,East Timor
"Santa Bárbara is one of the 18 departments ""(departamentos)"" into which Honduras is divided.",Honduras
"After his trip, he held lectures on Palestine in Geneva and Lausanne.",Palestine
"The ruins of the Argishtikhinili fortifications are southwest of the present-day town of Armavir, Armenia, between the villages of Nor-Armavir and Armavir in the Armenian marz of Armavir.",Armenia
It is found in South Africa.,South Africa
"In September 2019, ""Mounts Bay"" delivered essential supplies to the Bahamas in the wake of Hurricane Dorian.",Bahamas
"It crashed fatally during tropical flight tests on takeoff in November 1938 at Bathurst, Gambia, probably because of engine failure.",Gambia
"After Polish rule, it was ruled by the Margraviate of Brandenburg and Bohemia (Czechia).",Czechia
"According to Angolan media, France and Portugal will allow extradition of leaders of the separatist movement in the wake of the 2010 attacks on Togo's football team for which FLEC claimed the responsibility.",Togo
"It is found in Iran, the United Arab Emirates and Oman.",Oman
"On 22 January 2011, Tonetti scored his first European try, crossing the line against El Salvador.",El Salvador
"In some regions, for example in Laos and Thailand, these are distinct but share related iconographic conventions.",Laos
"Kampong Sengkurong is a village in the west of Brunei-Muara District, Brunei.",Brunei
"With 19 wins, Adam Wainwright is the third Cardinals pitcher to lead the league in wins twice in his career (2009 and this season, when he tied with Washington's Jordan Zimmermann), joining Mort Cooper and Dizzy Dean.",Jordan
It is endemic to Madagascar.,Madagascar
He mas made one senior appearances for South Sudan against Kenya in the 2012 CECAFA Cup.,South Sudan
"In 2012, ""Kuula"" performed by Ott Lepland managed to qualify Estonia to the final where the song placed sixth.",Estonia
"From 1985 to 1988, ""Betano"" and ""Brunei"" were assigned to the Australian Hydrographic Officer and operated as survey ships in the waters of northern Australia and Papua New Guinea.",Papua New Guinea
"Those that voted for were: Argentina, Australia, Bolivia, Byelorussia, Canada, Chile, China, Colombia, Costa Rica, Cuba, Czechoslovakia, Dominican Republic, Ecuador, France, Guatemala, Haiti, Honduras, Iceland, Liberia, Luxembourg, Mexico, Netherlands, New Zealand, Nicaragua, Norway, Panama, Paraguay, Peru, Philippines, Poland, Ukraine, South Africa, Soviet Union, United States, Uruguay, Venezuela, and Yugoslavia.",Nicaragua
"The village of Qana, about from Tyre, Lebanon, is traditionally held to be the correct site by many Christians, and is Eusebius's pick in his 4th century ""Onomasticon"".",Lebanon
"Compared to the Hungarian census of 1910, there has been a significant decrease, as then there were 10,569 Polish-language speakers in the territory of present Slovakia.",Slovakia
Senegal.,Senegal
"He served in Cuba with Theodore Roosevelt's famous Rough Riders, the First Volunteer Cavalry Regiment.",Cuba
"Renaissance FC de Ngoumou was founded on 2 January 2000 by the Development Committee Nkong-Abok, in a village located 24 km from the city of Ngoumou and 60 km from Yaoundé, the capital of Cameroon.",Cameroon
"The current SAFF members are Bangladesh, Bhutan, India, Maldives, Nepal, Pakistan and Sri Lanka.",Sri Lanka
"Lubumbashi, the mining capital of the Democratic Republic of the Congo, is a base for many of the country's biggest mining companies.",Democratic Republic of the Congo
"The election law of Bosnia and Herzegovina as well as the Constitution of Bosnia and Herzegovina, recognizes the results from 1991 population census as results referring to Bosniaks.",Bosnia and Herzegovina
"Army's 43rd Infantry Division throughout the region, including the Solomon Islands, New Hebrides and Phoenix Islands.",Solomon Islands
"USS ""Palau"" (CVE–122) was a of the United States Navy.",Palau
"Taylor lasted the whole 80 minutes against Namibia and was not replaced by Mealamu, ending the test by scoring a try in the 79th minute.",Namibia
"In contrast to motorbike racing, where there have been riders from San Marino, such as Manuel Poggiali and Alex De Angelis, no San Marinese drivers ever competed in the Grand Prix.",San Marino
"Between 14 and 19 May, Nikolai Podgorny visited North Korea to try to pull Kim Il Sung away from the Chinese orbit.",North Korea
Its headquarters is located in Vatican City.,Vatican City
"Derwick denies that any bribes were taken, saying the prices reflect the costs in Venezuela.",Venezuela
"Usually, His Majesty the King gives advice addressing the children while the Supreme Patriarch of Thailand gives moral teaching.",Thailand
The only percussive known to be used in nondisordered speech is a sublingual percussive (a tongue slap) that appears allophonically in the release of alveolar clicks in the Sandawe language of Tanzania.,Tanzania
"Customers of iBANK Systems included Moscow Savings Bank (Russia), Suprimex (Russia), Chelindbank (Russia, project cancelled at the try-test phase), Mineral Bank (Bulgaria), Romanian Bank for Development (Romania), PTC (Zimbabwe), People's Own Savings Bank (Zimbabwe), Mutual Bank of the Caribbean (Barbados), National Commercial Bank (Jamaica), and Caisse Populaire (Canada).",Jamaica
"Established on 4 July 1999, the institution is regulated by the Bangladesh Army and approved by the Board of Intermediate and Secondary Education, Sylhet.",Bangladesh
Trinidad and Tobago returned to the Games for the first time since 1988.,Trinidad and Tobago
"A statement by the UNSC read: ""The members of the Security Council express their readiness to consider appropriate measures, including targeted sanctions, against those who prevent the restoration of the constitutional order and take actions that undermine stability in Mali;"" while UN Secretary General Ban Ki-moon said he was ""troubled"" by incident which ran counter to what he said was national and international efforts to resolve the political crisis in Mali after the earlier coup d'etat and northern takeover.",Mali
"Kongo Central (), formerly Bas-Congo, is one of the 26 provinces of the Democratic Republic of the Congo.",Republic of the Congo
"As the system impacted Vanuatu, the JTWC and the FMS reported that the system had developed into a tropical cyclone, with the latter naming it as Cook.",Vanuatu
"The astronauts dismounted the damaged array at 04:40 UTC above the Sahara (during a nighttime pass to minimize electrical activity), and Thornton held the array until the next daylight pass (approximately 12 minutes) before throwing it overboard at 04:52 UTC over Somalia.",Somalia
"The second leg matches were played on either 26, 27 or 28 October 2012, except for the Congo vs Zimbabwe match, which was played on 6 November.",Zimbabwe
"Sangli-Miraj combined has more than 900+ Hospitals and Clinics, making it one of India's largest emerging medical hubs and an emerging international hub for patients from Oman, Sweden, Canada, Yemen, and Kuwait.",Yemen
"It has also been reported to occur in eastern Guatemala and southern Belize, but these reports are unconfirmed.",Guatemala
"In the past they have been infrequently caught off the coasts of Peru and Chile, where their meat and blubber were used as food and crab bait.",Peru
"Today, all these regions are divided between Western Ukraine, Western Belarus, and south-eastern Lithuania, with the major cities of Lviv, Vilnius, and Grodno no longer in Poland.",Belarus
These are descendants of North Sotho of the then Northern Transvaal who have been displaced off their lands by the Boers because they were displaced and were forced to leave in fear of their lives and crossed either the Motloutse river to present-day Botswana to Bokgalaka or the Odi river (Limpopo) to Bokgalaka.,Botswana
"According to Zimmermann's first description of 1780, the rhesus macaque is distributed in eastern Afghanistan, Bangladesh, Bhutan, as far east as the Brahmaputra Valley, Barak valley and in peninsular India, Nepal, and northern Pakistan.",Bhutan
"It is found in Guinea, Sierra Leone, Liberia, Ivory Coast and Ghana.",Sierra Leone
"The Moshoeshoe I International Airport, Lesotho's only international airport is named in his honour.",Lesotho
"The 2001 champions, Ethiopia, were knocked out in the 2000 semifinals by Uganda (B), though beat Rwanda to achieve third place.",Rwanda
"Imanbayev represented Kazakhstan at the 2008 Summer Olympics, where he competed for the men's 55 kg class.",Kazakhstan
In December 1949 a regional conference on the promulgation of the religion in Peru and Bolivia was held in La Paz.,Bolivia
"Reader's Digest"" is currently published in 49 editions and 21 languages and is available in over 70 countries, including Slovenia, Croatia, and Romania in 2008.",Slovenia
"In the period after 1860, southern Malawi suffered insecurity through warfare and slave raiding: this led to the widespread abandonment fertile land.",Malawi
"It is found in Cameroon, Gabon, the Republic of the Congo, Angola, the Democratic Republic of the Congo, Uganda and Tanzania.",Gabon
"Externally the department borders the countries of Burkina Faso, Niger, and Nigeria, and internally the departments of Atakora and Borgou.",Niger
"On 3 October 1935, General Emilio De Bono advanced into Ethiopia from Eritrea without a declaration of war, leading a force of approximately 100,000 Italian and 25,000 Eritrean soldiers towards the Ethiopian capital of Addis Ababa.",Eritrea
"The Bibliothèque Nationale de Mauritanie (English: National Library of Mauritania, Arabic: المكتبة الوطنية الموريتانية) is located in Nouakchott, Mauritania in the building of the National Museum of Mauritania.",Mauritania
"Other wings have sprung up in various other places about the car, but these modifications are usually only used at circuits where downforce is most sought, particularly the twisty Hungary and Monaco racetracks.",Monaco
The bidding process for the 2019 AFC Asian Cup was the process by which the location for the 2019 AFC Asian Cup that United Arab Emirates was chosen as the hosts.,United Arab Emirates
"As a singles wrestler, Tonga held the NEVER Openweight Championship four times.",Tonga
"In 2019, a male Bocharic myotis was captured near the Zeravshan river in Tajikistan, confirming that the species is still present there.",Tajikistan
"When he refused, they exiled him to Malta, and later to the Seychelles.",Seychelles
"Between 31 May and 9 June 2008, representatives of Somalia's TFG and the Alliance for the Re-liberation of Somalia (ARS) group of Islamist rebels participated in peace talks in Djibouti brokered by the former United Nations Special Envoy to Somalia, Ahmedou Ould-Abdallah.",Djibouti
"All officials are located at the Canadian High Commission in Bridgetown, Barbados.",Barbados
"Nhivi has won 10 caps for the Zimbabwe national team and scored one goal for his nation, which came versus Mozambique in 2013.",Mozambique
"Altuna Sejdiu was born on 14 July 1985 into an Albanian family in the city of Skopje, then part of the Socialist Republic of Macedonia, present North Macedonia.",North Macedonia
"The only land above water on the Cocos Plate is Cocos Island, which is administered by Costa Rica and lies approximately 550 km (342 mi; 297 nmi) southwest of the Costa Rican mainland.",Costa Rica
"The ocellated turkey (Meleagris ocellata) is a species of turkey residing primarily in the Yucatán Peninsula, Mexico, as well as in parts of Belize and Guatemala.",Belize
"The Baháʼí Faith in the Marshall Islands begins after 1916 with a mention by ʻAbdu'l-Bahá, then head of the religion, that Baháʼís should take the religion there.",Marshall Islands
The Afghanistan-Turkmenistan border is maintained by the Afghan Border Police (ABP) while law and order for the rest of the province is provided by the NATO-trained Afghan National Police (ANP).,Turkmenistan
The service is a branch of the Burkina Faso military acting under the authority of the Minister of Defence.,Burkina Faso
"The post-independence decrease in the city population is mainly due to the economic and demographic situation of Moldova, which prompted a wave of permanent or temporary emigration.",Moldova
"He left on pilgrimage to Mecca and then moved to Maldives, Sri Lanka and Tamil Nadu with his spiritual team.",Maldives
"Based on descriptions of birds seen on Jaluit, Paul Schnee hypothesised that the ""annañ"" may have been a Nauru reed warbler.",Nauru
"The Temple of Justice is a large building of modern style which was designed by Tommaso Valle in the 1960s on Capitol Hill in Monrovia, Liberia.",Liberia
"At the November–December 2009 Cartagena Summit for a Mine-Free World, Albania, Greece, Rwanda, and Zambia were also declared mine-free.",Zambia
"From 1979 to 1984, Bruce-Lyle was a State advocate in Zambia, before moving to the Caribbean where he served as a Magistrate in Belize (1984–89); Saint Vincent and the Grenadines (1989–93); the British Virgin Islands (1993–97); and Antigua and Barbuda (1997–99).",Saint Vincent and the Grenadines
"Miranda aboard of the ""Leander"" escaped, escorted by the packet ship HMS ""Lilly"" to the British islands of Grenada, Trinidad, and Barbados, where he met with Admiral Alexander Cochrane.",Grenada
Suriname.,Suriname
"In August 2019, he was called up for France's UEFA Euro 2020 qualifying fixtures against Albania and Andorra.",Andorra
Goldtails are mainly found in the mid to high altitude escarpment areas of South Africa and Eswatini.,Eswatini
"In the US Open qualifying, she lost in the first round to Nigina Abduraimova from Uzbekistan.",Uzbekistan
The Saint Kitts and Nevis national athletics team represents Saint Kitts and Nevis at the international athletics competitions such as Olympic Games or World Athletics Championships.,Saint Kitts and Nevis
"The governor-general is responsible for appointing the Prime Minister, the Cabinet, the Chief Justice of Saint Lucia, members of the Senate, senior civil servants, members of different commissions and boards.",Saint Lucia
Cape Verde vs Angola.,Cape Verde
"The show is filmed mostly across Australia, but also takes detour in New Zealand (seasons 3–5) and Weno, Micronesia (season 4).",Micronesia
"In the 18th century, the castle came into the possession of the then Prince Regnant of Liechtenstein.",Liechtenstein
"The estimated number of speakers was 136,000 in Guinea-Bissau in 2006.",Guinea-Bissau
"However like all outer islands of Kiribati, Abaiang is basically a subsistence economy, with a small number of jobs, mainly working for the Government or Island Council.",Kiribati
"The Songhay, Songhai or Ayneha languages (, or ) are a group of closely related languages/dialects centred on the middle stretches of the Niger River in the West African countries of Mali, Niger, Benin, Burkina Faso and Nigeria.",Benin
"Djabal Club d'Iconi is a Comorian sports club located in Iconi, Comoros.",Comoros
Kitts and Nevis and discussed at the 34th meeting of OECS leaders in Dominica in July.,Dominica
It was also the first regular television service in Equatorial Guinea.,Equatorial Guinea
"They include the triple champions (2006, 2008 and 2012) in the open event Armenia as well as Bhutan, Burundi, Cambodia, Comoros, Gabon, Laos, Nauru, Solomon Islands and East Timor.",Burundi
"They were announced on 30 December 1985 to celebrate the year passed and mark the beginning of 1986 in the United Kingdom, New Zealand, Mauritius, Fiji, the Bahamas, Grenada, Papua New Guinea, the Solomon Islands, Saint Lucia, Saint Vincent and the Grenadines, Belize, Antigua and Barbuda, and Saint Christopher and Nevis.",Antigua and Barbuda
Tuvalu.,Tuvalu
A 2014 Pew Research Center opinion poll found that 27% of Bangladeshis were wary of India.,India
All these islands are part of the Calamian Archipelago in northern Palawan that separates the South China Sea from the Sulu Sea.,China
"In 1913, Henry Musgrave paid for a tower to be built on the Church of Ireland parish church at Glencolumbkille, near the family's country estate.",Ireland
"During India's Freedom Struggle, particularly in the early phases, weekly journalism played a more important part than daily journalism.",India
"Passed on 26 June 1991, the Law of the Republic of Lithuania on the Lithuanian State Flag (Law No.",Lithuania
"Saudi Arabia, and many were then stationed there, there were many Jewish U.",Saudi Arabia
"The program is still active in some parts of the Netherlands, e.",Netherlands
"His Majesty Charles the Third, King of Papua New Guinea and His other Realms and Territories, Head of the Commonwealth.",Guinea
"Although Cox played several times at colts level, he was never selected for the New South Wales state team and eventually moved to Western Australia to further his opportunities.",Australia
"On 4 July 2014, Japan eased several of its sanctions on North Korea after talks between the two countries.",Japan
"The Komi-Permyak language, spoken in Perm Krai of Russia and written using the Komi Cyrillic alphabet, was co-official with Russian in the Komi-Permyak Okrug of the Perm Krai.",Russia
"The notorious cover of the single release, which depicted dead Vietnamese victims of the My Lai Massacre reinforced the Vietnam connection.",Vietnam
"Bacharel em Direito"" (Bachelor of Laws) or ""Bacharel em Ciências Jurídicas e Sociais"" (Bachelor of Laws and Social Sciences), in Brazil.",Brazil
"Hart continued to refuse to drop the title to Michaels, offering to lose the title anywhere in the United States prior to Survivor Series or to surrender the title to McMahon on the episode of ""Monday Night Raw"" the day after Survivor Series, in Ottawa, Ontario, Canada.",Canada
"Rezaabad (, also Romanized as Reẕāābād) is a village in Ashna Khvor Rural District, in the Central District of Khomeyn County, Markazi Province, Iran.",Iran
"While these important events were taking place in the internal politics of France, the final stages in the ratifying of the peace treaty with Germany were being passed through.",Germany
"The Government of Canada sponsors an Aboriginal Bursaries Search Tool that lists over 680 scholarships, bursaries, and other incentives offered by governments, universities, and industry to support Aboriginal post-secondary participation.",Canada
G55 Erenhot–Guangzhou Expressway and China National Highway 208 pass just to the west of the township.,China
"Finland has awarded a total quota of seventeen athletes by International Ski Federation (FIS), based on qualification points awarded in races within the FIS Calendar during the period of July 2012–19 January 2014.",Finland
"Petterson and military attachés from China, Egypt, and Italy.",Italy
"However, it seems that the ""Charter of the Asian Institute of Technology (AIT)"" remains legally in force without Thailand's participation and is in dormant status.",Thailand
"The coat of arms is a blue shield representing Slavic unity between the states of Russia, Belarus, and Ukraine.",Belarus
"Until the 1980s, large stores combining food and non-food items were unusual in the United States, although early predecessors existed since the first half of the 20th century.",United States
The Malawi News Agency (MANA) is the national news agency of Malawi.,Malawi
"For example, for the 2013 ""Cycle Malawi"" bike ride, participants must raise at least 2,950 in order to join the trip.",Malawi
"Afghanistan had no army, and instead had a feudal system under which the chiefs would maintain a certain number of armed retainers, principally cavalry together with a number of tribesmen who could be called upon to fight in a time of war; when the Emir went to war, he would call upon his chiefs to bring out their men to fight for him.",Afghanistan
"It has been manufactured in the United Kingdom, Germany, Spain, Brazil, Argentina, Venezuela, Mexico, Taiwan, China, India, Thailand, and South Africa.",Germany
"Today, the Cypriot Turkish dialect is being exposed to increasing standard Turkish through immigration from Turkey, new mass media, and new educational institutions.",Turkey
"San Michele Arcangelo or San Michele a Port'Alba is one of four major churches facing Piazza Dante in Naples, Italy.",Italy
"As of October 2018, the National Gallery of Canada's permanent collection holds over 93,625 works, representing several artistic movements and eras in art history.",Canada
"Additional services within Ireland include city services in Cork, Galway, Limerick and Waterford and town services in Athlone, Balbriggan, Drogheda, Dundalk, Navan and Sligo.",Ireland
"Yelizaveta's parents died when she was young and she was enrolled in the Bestuzhev Courses, the highest formal education available to women in Russia at the time.",Russia
"It is found in the Neotropics, including Colombia.",Colombia
Costa Rica ratified the convention on 23 August 1977.,Costa Rica
"Her character, Keiko Kobayashi, is a Japanese girl with a mysterious past who came to Mexico to attend the titular school and does not speak English or Spanish.",Mexico
"Specifically, it is known to occur in the South American countries of Peru, Bolivia, Colombia and northern Brazil.",Peru
"He had two sacks in Tennessee's 31–6 win over New Mexico, and a school single-game record four sacks in the Vols' blowout win over The Citadel.",Mexico
"She visited San Juan, Puerto Rico; Recife, Brazil; Luanda, Angola; Lourenço Marques, Mozambique; Port Louis, Mauritius; Cochin, India; Karachi, Pakistan; Bahrain; Massawa, Ethiopia; Mombasa, Kenya; Assab, Ethiopia; Bandar Abbas, Iran; Bushehr, Iran; Kuwait; and Dakar, Senegal — touching some ports more than once.",Senegal
"Matvey Matveyevich Gusev () ( in Vyatka, Russia– in Berlin, Germany) was a Russian astronomer who worked at Pulkovo Observatory near St.",Russia
"During this period, the Greek minority that remained in Turkey faced discriminatory targeting.",Turkey
"His family emigrated from Russia, Romania, and Latvia in the late 1800s and early 1900s.",Latvia
He was involved in church administration from 1933 to 1935 in Switzerland.,Switzerland
"On 14 August 2015, Madgen signed with VOO Wolves Verviers-Pepinster of Belgium for the 2015–16 season.",Belgium
Perry during Perry's mission to open Japan to the outside world.,Japan
"On 15 May, she was ordered to proceed to New York City, via the Panama Canal and Norfolk, Virginia.",Panama
"Stephney made his Twenty20 debut for Montserrat in their first-round match against Guyana, with their first-class opponents winning the match by 8 wickets.",Guyana
"In Spain's Army it is known as ""TOA"", the acronym of Transporte Oruga Acorazado, which is Spanish for Armored Tracked Carrier.",Spain
"In February 2010 Nishtha Jain, joined hands with Torstein Grude, producer, Piraya Film, Norway.",Norway
The first list of India and Pakistan's nuclear installations was swapped between two nations on 1 January 1992.,India
Mexico.,Mexico
Substantial gainful activity is a term used in the United States by the Social Security Administration (SSA).,United States
"The selling price of Telecom was considered by some to be extremely low, given that Telecom had a monopoly of all phone lines in New Zealand at the time.",New Zealand
"Immigrants from Mexico, Guatemala and El Salvador settled in Pacoima.",Guatemala
Ozolins appealed to the New Zealand Court of Appeal.,New Zealand
"A total of nine nations were represented at the exhibition: Denmark, Finland, France, Japan, Norway, Sweden, Switzerland, United Kingdom, and West Germany.",Norway
"In celebration of Super Bowl LIII, a special 45-minute episode featuring stars of Nickelodeon comedy ""Cousins for Life"" and NFL players was recorded on January 31, 2019, at the Georgia World Congress Center in Atlanta, as part of the Super Bowl Experience.",Georgia
Bassas made his debut in the Saudi Arabia national team against Argentina and the result was a draw.,Argentina
Anarchism was first introduced to Egypt by Italian immigrant workers and political exiles in the 1860s.,Egypt
"Botswana Champion defeated Orapa United 4:2 (2:0), and that was their first won Mascom Top 8 Cup since 2012.",Botswana
"The 1999 NATO bombing of Yugoslavia saw McDonald's chains in Serbia promote their products by distributing posters and lapels which depicted the ""šajkača"" standing atop the golden arches of the McDonald's logo in an attempt to bolster Serbian national pride.",Serbia
"Their counterparts, Cayetano Montero and Alexander Ybara, did not consent to the Texans' proposal that Mexico withdraw troops beyond the Rio Grande River.",Mexico
Sergio Romero stopped two penalties and became Argentina's hero after the match had ended in a goalless draw.,Argentina
Quarterfinal – Mexico.,Mexico
"The set for the cabaret number was modelled after Kolkata's once very popular bar ""Trinka's"", known for cabaret, where troupes from Russia and Europe used to come and perform.",Russia
India according to the 2001 census.,India
Taser devices and other electronic control devices are considered firearms in Sweden and are banned for civilian use.,Sweden
"Also that year, he collected a volume of his ""Revizuiri"" (""Revisions""), republishing his 1894 translation from Nordau in 1924; his wife Rachel remained focused on Darwinist literature, and, before the echoes of the Scopes Trial were first felt in Romania, had translated a Darwinian popularization booklet by Émile Ferrière.",Romania
"Medby Chapel () is a chapel of the Church of Norway in Senja Municipality in Troms county, Norway.",Norway
"They lost all three of the matches against international representative teams; a Scottish XV, England under-23 and Italy.",Italy
"Battleaxe"" was deployed on the Armilla patrol, the Royal Navy's standing deployment in the Persian Gulf in August 1990 when Iraq invaded Kuwait.",Iraq
"In September, he performed his ""Once in a Lifetime"" tour in Australia with concerts in Sydney and Melbourne and one concert in Christchurch, New Zealand, where he was joined on stage by New Zealand soprano Hayley Westenra.",New Zealand
"This 77-page document examined ""the nature of Puerto Rican immigration to this country; its present composition, its attitudes and behavior, its experience within the system of exploitation imposed by the ruling class of this country, the relationship between its working class and the exploited countries of the Third World, the super-exploited sectors of this country and their role; the nature of national liberation struggles and their relation to the class struggles of the United States working class; the future that this system assigns to our youth and, finally, the present situation of the left in the United States.",United States
"Following the assassination on 19 November 1924 of Sir Lee Stack, the Sirdar and Governor-General of the Sudan, and subsequent British demands which Zaghloul felt to be unacceptable, Zaghloul resigned.",Sudan
"Such work was dangerous: ""Through 1927 White would investigate 41 lynchings, 8 race riots, and two cases of widespread peonage, risking his life repeatedly in the backwaters of Florida, the piney woods of Georgia, and in the cotton fields of Arkansas.",Georgia
Upon the establishment of the Central Council of Ukraine for couple of weeks he served as its chairman until Mykhailo Hrushevsky returned from his exile.,Ukraine
"While a moderate commercial success, the album spawned the release of the single ""Run Run Run"", becoming a number-one radio hit in both Slovakia and the Czech Republic, and the most-played song of the year by a Slovak artist.",Slovakia
"First released in Italy in 1964, it premiered in New York City, United States on August 18, 1965.",Italy
"In late 2003, he was selected for the India Under-19 team to compete in an Asian youth ODI competition in Pakistan, where he was the leading bowler with 18 wickets at 7.",India
"He was possibly born in Limerick, Ireland.",Ireland
Among his best-known descendants is the World-War-II-period Prime Minister of Finland Antti Hackzell (1881–1946).,Finland
"Davies was then posted to the Dardanelles, and was awarded the Victoria Cross on 1 January 1916 for an action at Ferrijik Junction, in what was then part of Bulgaria near the border with Ottoman-controlled Europe, on 19 November 1915.",Bulgaria
"Currently, Japan and France are Cuba's major coffee export markets, with smaller amounts going to Germany, the United Kingdom, Canada, and New Zealand.",New Zealand
"The flag is similar to that of the Austrian state of Lower Austria, the German city of Chemnitz, historical Kingdom of Dalmatia (now Croatia) and the Hungarian city of Pécs, but all of those flags have a darker shade of blue.",Austria
"Upon their semifinal win at the 2013 United States Men's Curling Championship, Clark and his team were qualified to participate at the 2014 United States Olympic Curling Trials.",United States
"In 1983, several college and university presidents, educational specialists, and employers from around the world (including Australia, Canada, Hong Kong, the Netherlands, the Philippines, the United States, and the United Kingdom) formed the World Council and Assembly on Cooperative Education to foster cooperative education worldwide.",Canada
Ritter said that Israel was pushing the Bush administration into war with Iran.,Iran
"Tajikistan, Czech Republic, Hungary, Poland, Romania, Slovakia, Ukraine, Bosnia and Herzegovina, Bulgaria, Croatia, Greece, Italy, Serbia, Spain, Austria, France, Germany, Switzerland, Israel, Palestine, Russia, Transcaucasia.",Tajikistan
"Some notable people born in Ireland who settled in Great Britain between the 20th and 21st centuries include:
Irish broadcasters.",Ireland
In England and France it was usual to place the mitre of an abbot slightly in profile.,France
"Operation Uphold Democracy intervention) in 1994, Chamblain went into exile in the Dominican Republic.",Dominican Republic
"He was elected mayor of Detroit in 1838, resigning in 1839 to run for the United States Senate, and was succeeded as mayor by Asher B.",United States
"A brave soldier, he was chosen to command the colonial troops in the uprising that took place in Pernambuco which drove out the Dutch from the Northeast of Brazil, finishing the 24-year-long Dutch occupation of Brazil.",Brazil
WIN also produced Fishing Australia as part of its local content output on the WIN Network.,Australia
Sobers made his Test debut against Pakistan in 1954.,Pakistan
"In March 2010, a Saharawi delegation arrived to Mexico and met with Mexican Senators, including Senator Yeidckol Polevnsky Gurwitz (vice-president of the Mexican Senate Commission on Foreign Relations with Africa) to discuss the situation in SADR.",Mexico
"The 7th Lord Enniskillen lives on his 40,000 acre estate near Lake Naivasha in the former 'White Highlands' in southern Kenya.",Kenya
"Warner Brothers also released ""Smoke on the Water"" as a single, coupling the live recording on ""Made in Japan"" with the studio version on ""Machine Head"", and it reached number 4 in the ""Billboard"" charts.",Japan
"The university has joint co-operative programmes with many international institutions of higher educations from the Arab World, United States, Argentina, Venezuela, Australia, Japan, India, Malaysia, Iran, Armenia, Georgia, Turkey, Kazakhstan, Russia, Spain, United Kingdom, Germany, France, Italy, Austria, Norway, Poland, Ukraine, Belgium, Bosnia and Herzegovina, Hungary and Moldova.",Venezuela
"He told the ""BBC"" that ""The Americans are in cahoots with the Pentagon which, as you know, is building an airbase across the border in Paraguay.",Paraguay
"Following the United States entry into World War I In April 1917, ""Dolphin"" was sent to the United States Virgin Islands to assert America's control there.",United States
IX (B) Squadron Tornado GR4s flew a round trip from Marham to carry out Storm Shadow strikes against targets in Libya as part of Operation Ellamy.,Libya
"According to Soutphommasane, Australian leftists are wrong to think this way because the majority of Australians love Australia, and patriotism need not be racist or based on exclusion.",Australia
"The business trades in the United Kingdom, France, Netherlands, Italy, Sweden, Ireland &amp; United States.",France
"These pieces readily circulated, and although the design did not strike well and was replaced by the Indian Head cent in 1859, the coins were commonly used until all federal coinage vanished from circulation in much of the United States in 1861 and 1862, during the economic turmoil of the American Civil War.",United States
"Sinise's name was in an advertisement in the ""Los Angeles Times"" (August 17, 2006) that condemned Hamas and Hezbollah and supported Israel in the 2006 Israel-Lebanon conflict.",Lebanon
